SRR_ID	Tissue	Substitution	Read_count	Total_reads	%_Read	Site_count	Total_sites	%_Site
SRR28369621	hamstring_muscle	AG	13	43	30.2325581395	4	31	12.9032258065
SRR28369621	hamstring_muscle	GC	7	43	16.2790697674	7	31	22.5806451613
SRR28369621	hamstring_muscle	AT	6	43	13.9534883721	5	31	16.1290322581
SRR28369621	hamstring_muscle	AC	3	43	6.97674418605	3	31	9.67741935484
SRR28369621	hamstring_muscle	CA	3	43	6.97674418605	1	31	3.22580645161
SRR28369621	hamstring_muscle	CT	3	43	6.97674418605	3	31	9.67741935484
SRR28369621	hamstring_muscle	TC	3	43	6.97674418605	3	31	9.67741935484
SRR28369621	hamstring_muscle	CG	2	43	4.6511627907	2	31	6.45161290323
SRR28369621	hamstring_muscle	GA	1	43	2.32558139535	1	31	3.22580645161
SRR28369621	hamstring_muscle	GT	1	43	2.32558139535	1	31	3.22580645161
SRR28369621	hamstring_muscle	TA	1	43	2.32558139535	1	31	3.22580645161
SRR28369621	hamstring_muscle	TG	0	43	0.0	0	31	0.0
SRR28369630	lungs	TC	10	27	37.037037037	8	23	34.7826086957
SRR28369630	lungs	TG	4	27	14.8148148148	4	23	17.3913043478
SRR28369630	lungs	CA	3	27	11.1111111111	2	23	8.69565217391
SRR28369630	lungs	GT	3	27	11.1111111111	2	23	8.69565217391
SRR28369630	lungs	TA	3	27	11.1111111111	3	23	13.0434782609
SRR28369630	lungs	AT	2	27	7.40740740741	2	23	8.69565217391
SRR28369630	lungs	CG	1	27	3.7037037037	1	23	4.34782608696
SRR28369630	lungs	GA	1	27	3.7037037037	1	23	4.34782608696
SRR28369630	lungs	AC	0	27	0.0	0	23	0.0
SRR28369630	lungs	AG	0	27	0.0	0	23	0.0
SRR28369630	lungs	CT	0	27	0.0	0	23	0.0
SRR28369630	lungs	GC	0	27	0.0	0	23	0.0
SRR28369632	kidneys	TG	57	202	28.2178217822	24	111	21.6216216216
SRR28369632	kidneys	GC	22	202	10.8910891089	10	111	9.00900900901
SRR28369632	kidneys	AG	21	202	10.396039604	10	111	9.00900900901
SRR28369632	kidneys	CG	21	202	10.396039604	10	111	9.00900900901
SRR28369632	kidneys	TC	17	202	8.41584158416	12	111	10.8108108108
SRR28369632	kidneys	TA	14	202	6.93069306931	8	111	7.20720720721
SRR28369632	kidneys	CA	13	202	6.43564356436	8	111	7.20720720721
SRR28369632	kidneys	GA	10	202	4.9504950495	10	111	9.00900900901
SRR28369632	kidneys	AC	9	202	4.45544554455	7	111	6.30630630631
SRR28369632	kidneys	GT	7	202	3.46534653465	5	111	4.5045045045
SRR28369632	kidneys	CT	6	202	2.9702970297	3	111	2.7027027027
SRR28369632	kidneys	AT	5	202	2.47524752475	4	111	3.6036036036
SRR28369626	heart	AG	15	67	22.3880597015	5	44	11.3636363636
SRR28369626	heart	TC	13	67	19.4029850746	4	44	9.09090909091
SRR28369626	heart	TG	6	67	8.9552238806	6	44	13.6363636364
SRR28369626	heart	CT	5	67	7.46268656716	5	44	11.3636363636
SRR28369626	heart	GC	5	67	7.46268656716	3	44	6.81818181818
SRR28369626	heart	TA	5	67	7.46268656716	5	44	11.3636363636
SRR28369626	heart	CA	4	67	5.97014925373	4	44	9.09090909091
SRR28369626	heart	GT	4	67	5.97014925373	3	44	6.81818181818
SRR28369626	heart	AC	3	67	4.4776119403	3	44	6.81818181818
SRR28369626	heart	AT	3	67	4.4776119403	2	44	4.54545454545
SRR28369626	heart	CG	3	67	4.4776119403	3	44	6.81818181818
SRR28369626	heart	GA	1	67	1.49253731343	1	44	2.27272727273
SRR28369623	Pancreas	TG	8	46	17.3913043478	8	43	18.6046511628
SRR28369623	Pancreas	CG	5	46	10.8695652174	5	43	11.6279069767
SRR28369623	Pancreas	CT	5	46	10.8695652174	5	43	11.6279069767
SRR28369623	Pancreas	GA	5	46	10.8695652174	4	43	9.3023255814
SRR28369623	Pancreas	AG	4	46	8.69565217391	3	43	6.97674418605
SRR28369623	Pancreas	TA	4	46	8.69565217391	4	43	9.3023255814
SRR28369623	Pancreas	AC	3	46	6.52173913043	3	43	6.97674418605
SRR28369623	Pancreas	CA	3	46	6.52173913043	2	43	4.6511627907
SRR28369623	Pancreas	GC	3	46	6.52173913043	3	43	6.97674418605
SRR28369623	Pancreas	GT	3	46	6.52173913043	3	43	6.97674418605
SRR28369623	Pancreas	TC	2	46	4.34782608696	2	43	4.6511627907
SRR28369623	Pancreas	AT	1	46	2.17391304348	1	43	2.32558139535
SRR28369625	spleen	AG	16	105	15.2380952381	11	90	12.2222222222
SRR28369625	spleen	CG	15	105	14.2857142857	11	90	12.2222222222
SRR28369625	spleen	GC	14	105	13.3333333333	12	90	13.3333333333
SRR28369625	spleen	TG	12	105	11.4285714286	12	90	13.3333333333
SRR28369625	spleen	AC	9	105	8.57142857143	9	90	10.0
SRR28369625	spleen	GT	9	105	8.57142857143	8	90	8.88888888889
SRR28369625	spleen	AT	8	105	7.61904761905	6	90	6.66666666667
SRR28369625	spleen	TC	8	105	7.61904761905	8	90	8.88888888889
SRR28369625	spleen	GA	6	105	5.71428571429	5	90	5.55555555556
SRR28369625	spleen	TA	5	105	4.7619047619	5	90	5.55555555556
SRR28369625	spleen	CT	3	105	2.85714285714	3	90	3.33333333333
SRR28369625	spleen	CA	0	105	0.0	0	90	0.0
SRR28369619	ovaries	AG	23	78	29.4871794872	9	54	16.6666666667
SRR28369619	ovaries	TC	9	78	11.5384615385	7	54	12.962962963
SRR28369619	ovaries	GT	8	78	10.2564102564	3	54	5.55555555556
SRR28369619	ovaries	AT	7	78	8.97435897436	7	54	12.962962963
SRR28369619	ovaries	GC	6	78	7.69230769231	5	54	9.25925925926
SRR28369619	ovaries	CT	5	78	6.41025641026	5	54	9.25925925926
SRR28369619	ovaries	TG	5	78	6.41025641026	3	54	5.55555555556
SRR28369619	ovaries	AC	4	78	5.12820512821	4	54	7.40740740741
SRR28369619	ovaries	TA	4	78	5.12820512821	4	54	7.40740740741
SRR28369619	ovaries	CA	3	78	3.84615384615	3	54	5.55555555556
SRR28369619	ovaries	CG	2	78	2.5641025641	2	54	3.7037037037
SRR28369619	ovaries	GA	2	78	2.5641025641	2	54	3.7037037037
SRR28369622	eye	TC	17	100	17.0	6	57	10.5263157895
SRR28369622	eye	AG	12	100	12.0	4	57	7.01754385965
SRR28369622	eye	CT	12	100	12.0	6	57	10.5263157895
SRR28369622	eye	GA	11	100	11.0	5	57	8.77192982456
SRR28369622	eye	TA	9	100	9.0	6	57	10.5263157895
SRR28369622	eye	CA	7	100	7.0	5	57	8.77192982456
SRR28369622	eye	TG	7	100	7.0	6	57	10.5263157895
SRR28369622	eye	CG	6	100	6.0	4	57	7.01754385965
SRR28369622	eye	GC	6	100	6.0	5	57	8.77192982456
SRR28369622	eye	GT	6	100	6.0	3	57	5.26315789474
SRR28369622	eye	AT	5	100	5.0	5	57	8.77192982456
SRR28369622	eye	AC	2	100	2.0	2	57	3.50877192982
SRR28369624	cerebrum	AG	57	150	38.0	14	98	14.2857142857
SRR28369624	cerebrum	GC	21	150	14.0	17	98	17.3469387755
SRR28369624	cerebrum	CG	15	150	10.0	14	98	14.2857142857
SRR28369624	cerebrum	TG	13	150	8.66666666667	13	98	13.2653061224
SRR28369624	cerebrum	TA	12	150	8.0	10	98	10.2040816327
SRR28369624	cerebrum	AT	9	150	6.0	9	98	9.18367346939
SRR28369624	cerebrum	CT	6	150	4.0	5	98	5.10204081633
SRR28369624	cerebrum	TC	6	150	4.0	5	98	5.10204081633
SRR28369624	cerebrum	AC	4	150	2.66666666667	4	98	4.08163265306
SRR28369624	cerebrum	GA	3	150	2.0	3	98	3.0612244898
SRR28369624	cerebrum	CA	2	150	1.33333333333	2	98	2.04081632653
SRR28369624	cerebrum	GT	2	150	1.33333333333	2	98	2.04081632653
SRR28369627	liver	GC	98	264	37.1212121212	36	96	37.5
SRR28369627	liver	AG	67	264	25.3787878788	10	96	10.4166666667
SRR28369627	liver	CG	52	264	19.696969697	17	96	17.7083333333
SRR28369627	liver	TG	16	264	6.06060606061	11	96	11.4583333333
SRR28369627	liver	TC	13	264	4.92424242424	7	96	7.29166666667
SRR28369627	liver	AC	4	264	1.51515151515	4	96	4.16666666667
SRR28369627	liver	CA	4	264	1.51515151515	4	96	4.16666666667
SRR28369627	liver	TA	4	264	1.51515151515	2	96	2.08333333333
SRR28369627	liver	CT	3	264	1.13636363636	2	96	2.08333333333
SRR28369627	liver	AT	1	264	0.378787878788	1	96	1.04166666667
SRR28369627	liver	GA	1	264	0.378787878788	1	96	1.04166666667
SRR28369627	liver	GT	1	264	0.378787878788	1	96	1.04166666667
SRR28369628	Small_intestine	AG	20	58	34.4827586207	3	36	8.33333333333
SRR28369628	Small_intestine	TA	9	58	15.5172413793	7	36	19.4444444444
SRR28369628	Small_intestine	TC	6	58	10.3448275862	6	36	16.6666666667
SRR28369628	Small_intestine	CT	5	58	8.62068965517	4	36	11.1111111111
SRR28369628	Small_intestine	GA	4	58	6.89655172414	3	36	8.33333333333
SRR28369628	Small_intestine	TG	3	58	5.1724137931	3	36	8.33333333333
SRR28369628	Small_intestine	AC	2	58	3.44827586207	2	36	5.55555555556
SRR28369628	Small_intestine	CA	2	58	3.44827586207	1	36	2.77777777778
SRR28369628	Small_intestine	CG	2	58	3.44827586207	2	36	5.55555555556
SRR28369628	Small_intestine	GC	2	58	3.44827586207	2	36	5.55555555556
SRR28369628	Small_intestine	GT	2	58	3.44827586207	2	36	5.55555555556
SRR28369628	Small_intestine	AT	1	58	1.72413793103	1	36	2.77777777778
SRR28208762	blood	AG	28	91	30.7692307692	16	57	28.0701754386
SRR28208762	blood	TA	11	91	12.0879120879	5	57	8.77192982456
SRR28208762	blood	CT	8	91	8.79120879121	4	57	7.01754385965
SRR28208762	blood	GA	8	91	8.79120879121	4	57	7.01754385965
SRR28208762	blood	TC	8	91	8.79120879121	6	57	10.5263157895
SRR28208762	blood	AT	7	91	7.69230769231	5	57	8.77192982456
SRR28208762	blood	GT	7	91	7.69230769231	6	57	10.5263157895
SRR28208762	blood	CG	6	91	6.59340659341	3	57	5.26315789474
SRR28208762	blood	AC	3	91	3.2967032967	3	57	5.26315789474
SRR28208762	blood	TG	3	91	3.2967032967	3	57	5.26315789474
SRR28208762	blood	CA	1	91	1.0989010989	1	57	1.75438596491
SRR28208762	blood	GC	1	91	1.0989010989	1	57	1.75438596491
SRR28369620	large_intestine	AG	20	57	35.0877192982	4	35	11.4285714286
SRR28369620	large_intestine	CA	6	57	10.5263157895	3	35	8.57142857143
SRR28369620	large_intestine	TA	6	57	10.5263157895	4	35	11.4285714286
SRR28369620	large_intestine	GC	5	57	8.77192982456	5	35	14.2857142857
SRR28369620	large_intestine	CT	4	57	7.01754385965	4	35	11.4285714286
SRR28369620	large_intestine	TG	4	57	7.01754385965	4	35	11.4285714286
SRR28369620	large_intestine	AT	3	57	5.26315789474	3	35	8.57142857143
SRR28369620	large_intestine	GT	3	57	5.26315789474	2	35	5.71428571429
SRR28369620	large_intestine	GA	2	57	3.50877192982	2	35	5.71428571429
SRR28369620	large_intestine	TC	2	57	3.50877192982	2	35	5.71428571429
SRR28369620	large_intestine	AC	1	57	1.75438596491	1	35	2.85714285714
SRR28369620	large_intestine	CG	1	57	1.75438596491	1	35	2.85714285714
SRR28369629	White_adipose_tissue	AG	28	93	30.1075268817	9	58	15.5172413793
SRR28369629	White_adipose_tissue	CT	11	93	11.8279569892	9	58	15.5172413793
SRR28369629	White_adipose_tissue	CA	10	93	10.752688172	4	58	6.89655172414
SRR28369629	White_adipose_tissue	GT	8	93	8.60215053763	5	58	8.62068965517
SRR28369629	White_adipose_tissue	AT	7	93	7.52688172043	7	58	12.0689655172
SRR28369629	White_adipose_tissue	TA	7	93	7.52688172043	5	58	8.62068965517
SRR28369629	White_adipose_tissue	CG	5	93	5.37634408602	4	58	6.89655172414
SRR28369629	White_adipose_tissue	TC	5	93	5.37634408602	5	58	8.62068965517
SRR28369629	White_adipose_tissue	TG	5	93	5.37634408602	4	58	6.89655172414
SRR28369629	White_adipose_tissue	GA	4	93	4.30107526882	3	58	5.1724137931
SRR28369629	White_adipose_tissue	GC	2	93	2.15053763441	2	58	3.44827586207
SRR28369629	White_adipose_tissue	AC	1	93	1.0752688172	1	58	1.72413793103
